Original,Translated,English,Bracket
coriander powder ( dhania),coriander powder ( dhania),coriander powder, dhania
chilled water,chilled water,chilled water,
mixed fruits,mixed fruits,mixed fruits,
pinto beans,pinto beans,pinto beans,
दालचीनी,cinnamon,cinnamon,dalachini
falooda sev,falooda sev,falooda sev,
fish sauce,fish sauce,fish sauce,
chicken sausage,chicken sausage,chicken sausage,
mixed herbs (dried),mixed herbs (dried),mixed herbs,dried
bimbla (bilimbi),bimbla (bilimbi),bimbla,bilimbi
पिली मूंग दाल,pili moong dal,pili moong dal,pili mumga dala
black salt (kala namak),black salt (kala namak),black salt,kala namak
papads,papads,papads,
khichia (rajasthani papad),khichia (rajasthani papad),khichia,rajasthani papad
घी,ghee,ghee,ghi
bay leaf (roasted patta),bay leaf (roasted patta),bay leaf,roasted patta
cheetos,cheetos,cheetos,
lotus root,lotus root,lotus root,
kashmiri red chilli powder,kashmiri red chilli powder,kashmiri red chilli powder,
सोडा,soda,soda,soda
mixed sprouts,mixed sprouts,mixed sprouts,
green chillies,green chillies,green chillies,
king fish,king fish,king fish,
yellow bell pepper (capsicum),yellow bell pepper (capsicum),yellow bell pepper,capsicum
बैंगन,eggplant,eggplant,baimgana
थाइम के पत्ते,thyme leaves,thyme leaves,thaima ke patte
curry powder,curry powder,curry powder,
singoda flour (water chestnut),singoda flour (water chestnut),singoda flour,water chestnut
lasagna sheets,lasagna sheets,lasagna sheets,
ridge gourd (turai/ peerkangai),ridge gourd (turai/ peerkangai),ridge gourd,turai/ peerkangai
apple vodka,apple vodka,apple vodka,
canned pineapple (preserved & tinned),canned pineapple (preserved & tinned),canned pineapple,preserved & tinned
condensed milk,condensed milk,condensed milk,
oats flour,oats flour,oats flour,
dried raspberries,dried raspberries,dried raspberries,
sweet corn,sweet corn,sweet corn,
green moong dal,green moong dal,green moong dal,
sprouted moong,sprouted moong,sprouted moong,
garlic powder,garlic powder,garlic powder,
bagel,bagel,bagel,
red poha (flattened red rice),red poha (flattened red rice),red poha,flattened red rice
bread croutons,bread croutons,bread croutons,
spine gourd (kankoda),spine gourd (kankoda),spine gourd,kankoda
english mustard sauce,english mustard sauce,english mustard sauce,
herb butter,herb butter,herb butter,
bay leaf (tea patta),bay leaf (tea patta),bay leaf,tea patta
chicken legs,chicken legs,chicken legs,
aloo bhujia,aloo bhujia,aloo bhujia,
beetroot,beetroot,beetroot,
नूट्रलाइट क्लासिक स्प्रेड,nutrolite classic spread,nutrolite classic spread,nutralaita klasika spreda
green chilies,green chilies,green chilies,
poppy seeds,poppy seeds,poppy seeds,
चेरी टमाटर,cherry tomatoes,cherry tomatoes,cheri tamatara
dagdaful,dagdaful,dagdaful,
हरे प्याज,green onion,green onion,hare pyaja
स्प्राउट्स,sprouts,sprouts,sprautsa
काली उरद दाल (स्प्लिट),kali urad dal (split),kali urad dal,kali urada dala (splita)
chinese rice wine,chinese rice wine,chinese rice wine,
pistachio,pistachio,pistachio,
सरसो का तेल,mustard oil,mustard oil,saraso ka tela
बेकिंग सोडा,baking soda,baking soda,bekimga soda
tikka masala,tikka masala,tikka masala,
panch phoron masala,panch phoron masala,panch phoron masala,
rasna,rasna,rasna,
गलंगल,gallangal,gallangal,galamgala
raw rice,raw rice,raw rice,
कश्मीरी मसाला पाउडर,kashmiri masala powder,kashmiri masala powder,kashmiri masala paudara
ब्राउन राइस,brown rice,brown rice,brauna raisa
रोसमैरी,rosympari,rosympari,rosamairi
green cardamom,green cardamom,green cardamom,
black rice,black rice,black rice,
ladyfinger,ladyfinger,ladyfinger,
हरी फली,green bean,green bean,hari phali
raw jackfruit (kathal),raw jackfruit (kathal),raw jackfruit,kathal
ऑरेगानो,oregano,oregano,ऑregano
rice rava,rice rava,rice rava,
kesar milk masala,kesar milk masala,kesar milk masala,
rum,rum,rum,
baked beans,baked beans,baked beans,
idli dosa batter,idli dosa batter,idli dosa batter,
छोटे टमाटर,small tomatoes,small tomatoes,chote tamatara
cheddar cheese,cheddar cheese,cheddar cheese,
barbeque masala,barbeque masala,barbeque masala,
nutmeg powder,nutmeg powder,nutmeg powder,
saoji masala,saoji masala,saoji masala,
celery seeds,celery seeds,celery seeds,
kulith dal,kulith dal,kulith dal,
lettuce leaves,lettuce leaves,lettuce leaves,
pink food colour,pink food colour,pink food colour,
कद्दू,pumpkin,pumpkin,kaddu
yellow mustard seeds,yellow mustard seeds,yellow mustard seeds,
brinjal (baingan / eggplant),brinjal (baingan / eggplant),brinjal,baingan / eggplant
cucumber,cucumber,cucumber,
karela (bitter gourd/ pavakkai),karela (bitter gourd/ pavakkai),karela,bitter gourd/ pavakkai
dry kashmiri chili,dry kashmiri chili,dry kashmiri chili,
corn starch,corn starch,corn starch,
aamras,aamras,aamras,
feta cheese,feta cheese,feta cheese,
oreo biscuits,oreo biscuits,oreo biscuits,
garlic,garlic,garlic,
सुखी लाल मिर्च,dry red chili,dry red chili,sukhi lala mircha
tawa paratha,tawa paratha,tawa paratha,
vinegar,vinegar,vinegar,
chana jor garam,chana jor garam,chana jor garam,
udon noodles,udon noodles,udon noodles,
parsley leaves,parsley leaves,parsley leaves,
black currant (dried),black currant (dried),black currant,dried
cashew nuts,cashew nuts,cashew nuts,
sprouted ragi,sprouted ragi,sprouted ragi,
chicken breasts,chicken breasts,chicken breasts,
cauliflower leaves,cauliflower leaves,cauliflower leaves,
asafoetida,asafoetida,asafoetida,
teriyaki sauce,teriyaki sauce,teriyaki sauce,
golden harvest sona masuri rice,golden harvest sona masuri rice,golden harvest sona masuri rice,
खरबूजे के बीज,melon seeds,melon seeds,kharabuje ke bija
buckwheat flour (kuttu ka atta),buckwheat flour (kuttu ka atta),buckwheat flour,kuttu ka atta
espresso powder,espresso powder,espresso powder,
chicken thigh,chicken thigh,chicken thigh,
सूखा पुदीना,drought mint,drought mint,sukha pudina
rice vinegar,rice vinegar,rice vinegar,
tomato salsa,tomato salsa,tomato salsa,
button mushrooms,button mushrooms,button mushrooms,
turkey berry,turkey berry,turkey berry,
horse gram dal (kollu/ kulith),horse gram dal (kollu/ kulith),horse gram dal,kollu/ kulith
fenugreek,fenugreek,fenugreek,
kasuri methi,kasuri methi,kasuri methi,
thai sweet chilli sauce,thai sweet chilli sauce,thai sweet chilli sauce,
adobo sauce,adobo sauce,adobo sauce,
dried kashmiri chillies,dried kashmiri chillies,dried kashmiri chillies,
spring onion bulbs,spring onion bulbs,spring onion bulbs,
fox nuts,fox nuts,fox nuts,
maida (all purpose flour),maida (all purpose flour),maida,all purpose flour
chipotle chillies / peppers,chipotle chillies / peppers,chipotle chillies / peppers,
bathua leaves,bathua leaves,bathua leaves,
reserved water,reserved water,reserved water,
potato (aloo),potato (aloo),potato,aloo
banana leaf,banana leaf,banana leaf,
egg yolks,egg yolks,egg yolks,
fresh pomegranate fruit kernels,fresh pomegranate fruit kernels,fresh pomegranate fruit kernels,
rohu fish,rohu fish,rohu fish,
badi (vadi),badi (vadi),badi,vadi
lavender flowers,lavender flowers,lavender flowers,
रोसमेरी,rosmeri,rosmeri,rosameri
glazed cherries,glazed cherries,glazed cherries,
lima beans,lima beans,lima beans,
वीट ग्रास,vet grass,vet grass,vita grasa
brussel sprouts,brussel sprouts,brussel sprouts,
passion fruit,passion fruit,passion fruit,
rooh afza sharbat,rooh afza sharbat,rooh afza sharbat,
cinnamon stick (dalchini),cinnamon stick (dalchini),cinnamon stick,dalchini
yellow fenugreek seeds,yellow fenugreek seeds,yellow fenugreek seeds,
onion rings,onion rings,onion rings,
cabbage (patta gobi/ muttaikose),cabbage (patta gobi/ muttaikose),cabbage,patta gobi/ muttaikose
blueberries,blueberries,blueberries,
ciabatta bread,ciabatta bread,ciabatta bread,
avocados,avocados,avocados,
guntur red chillies,guntur red chillies,guntur red chillies,
arugula leaves,arugula leaves,arugula leaves,
canned black beans,canned black beans,canned black beans,
thattai,thattai,thattai,
yam,yam,yam,
asparagus,asparagus,asparagus,
cotton threads,cotton threads,cotton threads,
apple,apple,apple,
चिकन,chicken,chicken,chikana
spring onion leaves,spring onion leaves,spring onion leaves,
rajma,rajma,rajma,
red cabbage,red cabbage,red cabbage,
लौकी,bottle gourd,bottle gourd,lauki
thai red chilli (birds eye chilli),thai red chilli (birds eye chilli),thai red chilli,birds eye chilli
ड्रमस्टिक,drumstick,drumstick,dramastika
rice water,rice water,rice water,
blackberries,blackberries,blackberries,
all purpose pie crust,all purpose pie crust,all purpose pie crust,
बर्गर बन,become a burger,become a burger,bargara bana
cardamom (elaichi) pods/seeds,cardamom (elaichi) pods/seeds,cardamom  pods/seeds,elaichi
फ्लैक्स सीड्स पाउडर,flax seeds powder,flax seeds powder,phlaiksa sidsa paudara
homemade tomato puree,homemade tomato puree,homemade tomato puree,
थाई रेड चिल्ली,thai red chilli,thai red chilli,thai reda chilli
bajra flour ( pearl millet),bajra flour ( pearl millet),bajra flour, pearl millet
strawberries,strawberries,strawberries,
मटन,mutton,mutton,matana
great northern beans,great northern beans,great northern beans,
शक्कर,sugar,sugar,shakkara
britannia cheese spread - four pepper tango,britannia cheese spread - four pepper tango,britannia cheese spread - four pepper tango,
gnocchi,gnocchi,gnocchi,
बीन्स,beans,beans,binsa
dry red chilli,dry red chilli,dry red chilli,
masoor dal,masoor dal,masoor dal,
पैपरिका पाउडर,paprika powder,paprika powder,paiparika paudara
gherkins,gherkins,gherkins,
bocconcini cheese,bocconcini cheese,bocconcini cheese,
नारियल का पानी,coconut water,coconut water,nariyala ka pani
mustard seeds (rai / kadugu),mustard seeds (rai / kadugu),mustard seeds,rai / kadugu
फूल गोबी,flower gobi,flower gobi,phula gobi
chai masala,chai masala,chai masala,
gram flour (besan),gram flour (besan),gram flour,besan
lobia pods,lobia pods,lobia pods,
tea monk sei white tea,tea monk sei white tea,tea monk sei white tea,
napa cabbage,napa cabbage,napa cabbage,
tomato ketchup,tomato ketchup,tomato ketchup,
dabur homemade coconut milk,dabur homemade coconut milk,dabur homemade coconut milk,
anardana powder (pomegranate seed powder),anardana powder (pomegranate seed powder),anardana powder,pomegranate seed powder
raw mango,raw mango,raw mango,
इलाईची,cardamom,cardamom,ilaichi
ice apple (nongu),ice apple (nongu),ice apple,nongu
खुबानी,apostle,apostle,khubani
dried yellow/white peas (vatana),dried yellow/white peas (vatana),dried yellow/white peas,vatana
corn,corn,corn,
pink flesh dragon fruit/pitaya,pink flesh dragon fruit/pitaya,pink flesh dragon fruit/pitaya,
cabbage,cabbage,cabbage,
seaweed sheets,seaweed sheets,seaweed sheets,
wheat berries/ whole wheat,wheat berries/ whole wheat,wheat berries/ whole wheat,
onion (semolina/ rava),onion (semolina/ rava),onion,semolina/ rava
चाउ चाउ,chow chow,chow chow,chau chau
water,water,water,
hot water,hot water,hot water,
maple syrup,maple syrup,maple syrup,
bacon strips,bacon strips,bacon strips,
बेबी कॉर्न,baby corn,baby corn,bebi kaॉrna
kalonji seeds,kalonji seeds,kalonji seeds,
snow peas,snow peas,snow peas,
italian bread,italian bread,italian bread,
baguette,baguette,baguette,
अचारी मेयो,achari mayo,achari mayo,achari meyo
mint leaves (mint),mint leaves (mint),mint leaves,mint
ओलिव का तेल,olive oil,olive oil,oliva ka tela
galangal,galangal,galangal,
rice noodles (flat),rice noodles (flat),rice noodles,flat
dried red chillies,dried red chillies,dried red chillies,
snake gourd (pudulangai),snake gourd (pudulangai),snake gourd,pudulangai
tortilla,tortilla,tortilla,
tender coconut water,tender coconut water,tender coconut water,
prune spread,prune spread,prune spread,
slider bun,slider bun,slider bun,
vangi bath powder,vangi bath powder,vangi bath powder,
durum wheat spaghetti pasta,durum wheat spaghetti pasta,durum wheat spaghetti pasta,
natal plum (karonde),natal plum (karonde),natal plum,karonde
tea leaves,tea leaves,tea leaves,
sunflower seeds,sunflower seeds,sunflower seeds,
dried shrimps,dried shrimps,dried shrimps,
papaya juice,papaya juice,papaya juice,
vegan yogurt starter,vegan yogurt starter,vegan yogurt starter,
m&m’s chocolate candies,m&m’s chocolate candies,m&m’s chocolate candies,
red chillie powder,red chillie powder,red chillie powder,
soba noodles,soba noodles,soba noodles,
पिस्ता,pistachios,pistachios,pista
तुअर दाल,pigeon pea,pigeon pea,tuara dala
tutti frutti,tutti frutti,tutti frutti,
pine nuts,pine nuts,pine nuts,
lebanese cucumber,lebanese cucumber,lebanese cucumber,
नीम के पत्ते,leaves of the neem tree,leaves of the neem tree,nima ke patte
agar agar,agar agar,agar agar,
तिल का पाउडर,sesame powder,sesame powder,tila ka paudara
cinnamon powder,cinnamon powder,cinnamon powder,
del monte green olives,del monte green olives,del monte green olives,
ब्रोकली,broccoli,broccoli,brokali
capsicum (red),capsicum (red),capsicum,red
baby brinjals,baby brinjals,baby brinjals,
britannia cheese spread - asli pepper,britannia cheese spread - asli pepper,britannia cheese spread - asli pepper,
eggs,eggs,eggs,
soft taco shells,soft taco shells,soft taco shells,
vegetable stock,vegetable stock,vegetable stock,
capsicum (yellow),capsicum (yellow),capsicum,yellow
करेला,bitter gourd,bitter gourd,karela
apple juice,apple juice,apple juice,
biryani masala powder,biryani masala powder,biryani masala powder,
अजवाइन,celery,celery,ajavaina
kashmiri rajma,kashmiri rajma,kashmiri rajma,
turmeric,turmeric,turmeric,
chocolate chips,chocolate chips,chocolate chips,
pumpkin pie spice,pumpkin pie spice,pumpkin pie spice,
eno fruit salt,eno fruit salt,eno fruit salt,
pork belly,pork belly,pork belly,
white chocolate,white chocolate,white chocolate,
plum rose fruit,plum rose fruit,plum rose fruit,
green chutney (coriander & mint),green chutney (coriander & mint),green chutney,coriander & mint
लोबिया फली,lobia pod,lobia pod,lobiya phali
ripe bananas,ripe bananas,ripe bananas,
flax seed powder (flax meal),flax seed powder (flax meal),flax seed powder,flax meal
cardamom powder (elaichi),cardamom powder (elaichi),cardamom powder,elaichi
tamarind water,tamarind water,tamarind water,
kachri (wild cucumber),kachri (wild cucumber),kachri,wild cucumber
kewra water,kewra water,kewra water,
ssp asafoetida (hing),ssp asafoetida (hing),ssp asafoetida,hing
lady fish,lady fish,lady fish,
parmigiano reggiano cheese,parmigiano reggiano cheese,parmigiano reggiano cheese,
ajwain,ajwain,ajwain,
fish,fish,fish,
tandoori masala,tandoori masala,tandoori masala,
potato straws,potato straws,potato straws,
parwal,parwal,parwal,
ताजे हर्ब,fresh herb,fresh herb,taje harba
ashgourd pumpkin,ashgourd pumpkin,ashgourd pumpkin,
टमाटर,tomato,tomato,tamatara
लौंग,clove,clove,laumga
kokum (malabar tamarind),kokum (malabar tamarind),kokum,malabar tamarind
nando's peri peri chicken sauce,nando's peri peri chicken sauce,nando's peri peri chicken sauce,
panch phoran masala,panch phoran masala,panch phoran masala,
करी पत्ते,curry leaves,curry leaves,kari patte
sultanas,sultanas,sultanas,
tahini,tahini,tahini,
तंदूरी मसाला,tanduri masala,tanduri masala,tamduri masala
dry ginger powder,dry ginger powder,dry ginger powder,
turmeric powder ( haldi),turmeric powder ( haldi),turmeric powder, haldi
rice flour,rice flour,rice flour,
sweet piquanté pepper,sweet piquanté pepper,sweet piquanté pepper,
हरा चना,green gram,green gram,hara chana
mixed vegetables,mixed vegetables,mixed vegetables,
white wine vinegar,white wine vinegar,white wine vinegar,
mushroom stems,mushroom stems,mushroom stems,
मूंगफली पाउडर,peanut powder,peanut powder,mumgaphali paudara
malwani masala,malwani masala,malwani masala,
green coriander,green coriander,green coriander,
sangri,sangri,sangri,
chicken breast,chicken breast,chicken breast,
cranberries,cranberries,cranberries,
हरा मटर,green peas,green peas,hara matara
green chilly,green chilly,green chilly,
green moong dal (split),green moong dal (split),green moong dal,split
सफ़ेद उरद दाल,white urad dal,white urad dal,safeda urada dala
garlic bread spice mix,garlic bread spice mix,garlic bread spice mix,
char magaz,char magaz,char magaz,
raw banana,raw banana,raw banana,
अरबी,arabic,arabic,arabi
avarekalu / lilva beans,avarekalu / lilva beans,avarekalu / lilva beans,
green peas (matar),green peas (matar),green peas,matar
lemon zest,lemon zest,lemon zest,
yellow moong dal,yellow moong dal,yellow moong dal,
नटमेग पाउडर,natmeg powder,natmeg powder,natamega paudara
evaporated milk,evaporated milk,evaporated milk,
urad dal papad,urad dal papad,urad dal papad,
conchiglie pasta,conchiglie pasta,conchiglie pasta,
flax seeds,flax seeds,flax seeds,
gongura leaves (red roselle),gongura leaves (red roselle),gongura leaves,red roselle
lettuce,lettuce,lettuce,
soya chunks,soya chunks,soya chunks,
buttermilk,buttermilk,buttermilk,
shark fish,shark fish,shark fish,
rosemary,rosemary,rosemary,
dry coconut (kopra),dry coconut (kopra),dry coconut,kopra
chana dal (bengal gram dal),chana dal (bengal gram dal),chana dal,bengal gram dal
green bell peppers,green bell peppers,green bell peppers,
moong bori (dried lentil dumplings),moong bori (dried lentil dumplings),moong bori,dried lentil dumplings
pomegranate sauce,pomegranate sauce,pomegranate sauce,
chiroti rava,chiroti rava,chiroti rava,
अमरंथ के पत्ते,horny leaves,horny leaves,amaramtha ke patte
dark chocolate,dark chocolate,dark chocolate,
brinjal,brinjal,brinjal,
broken raw rice,broken raw rice,broken raw rice,
risotto rice,risotto rice,risotto rice,
orange bell pepper (capsicum),orange bell pepper (capsicum),orange bell pepper,capsicum
chana masala powder,chana masala powder,chana masala powder,
chicken wings,chicken wings,chicken wings,
pears,pears,pears,
indian borage (doddapatre),indian borage (doddapatre),indian borage,doddapatre
black raisins,black raisins,black raisins,
ragi rava,ragi rava,ragi rava,
mangodi,mangodi,mangodi,
schezwan sauce,schezwan sauce,schezwan sauce,
fish fillet,fish fillet,fish fillet,
weet bix,weet bix,weet bix,
chicken masala,chicken masala,chicken masala,
black pepper corns,black pepper corns,black pepper corns,
nutmeg,nutmeg,nutmeg,
mini pita breads,mini pita breads,mini pita breads,
desiccated coconut,desiccated coconut,desiccated coconut,
white wine,white wine,white wine,
sumac,sumac,sumac,
jamun (black plum),jamun (black plum),jamun,black plum
pumpkin pasta sauce,pumpkin pasta sauce,pumpkin pasta sauce,
cocoa powder,cocoa powder,cocoa powder,
अमरुद,guava,guava,amaruda
crabs,crabs,crabs,
banana flower (vazhaipoo),banana flower (vazhaipoo),banana flower,vazhaipoo
कोकम,kokum,kokum,kokama
rabri,rabri,rabri,
हक्का नूडल्स,hakka noodles,hakka noodles,hakka nudalsa
pink masoor dal (split),pink masoor dal (split),pink masoor dal,split
coconut milk,coconut milk,coconut milk,
bhetki fish,bhetki fish,bhetki fish,
नारियल पाउडर,coconut powder,coconut powder,nariyala paudara
filter coffee powder,filter coffee powder,filter coffee powder,
मक्का,maize,maize,makka
urad dal,urad dal,urad dal,
क्रीम,cream,cream,krima
glucose,glucose,glucose,
vivatta maida,vivatta maida,vivatta maida,
jackfruit raw (kathal),jackfruit raw (kathal),jackfruit raw,kathal
idli,idli,idli,
काली मिर्च पाउडर,freshly ground black pepper,freshly ground black pepper,kali mircha paudara
charcoal,charcoal,charcoal,
pabda fish,pabda fish,pabda fish,
thai yellow curry paste,thai yellow curry paste,thai yellow curry paste,
nendra pazham banana (ripe),nendra pazham banana (ripe),nendra pazham banana,ripe
lamb,lamb,lamb,
elephant yam,elephant yam,elephant yam,
musk melon,musk melon,musk melon,
basil leaves,basil leaves,basil leaves,
methi seeds (fenugreek seeds),methi seeds (fenugreek seeds),methi seeds,fenugreek seeds
lemon juice,lemon juice,lemon juice,
mint,mint,mint,
coconut oil,coconut oil,coconut oil,
za'atar,za'atar,za'atar,
tamarind,tamarind,tamarind,
muri masala,muri masala,muri masala,
whole wheat bread crumbs,whole wheat bread crumbs,whole wheat bread crumbs,
garam masala powder,garam masala powder,garam masala powder,
spinach leaves (palak),spinach leaves (palak),spinach leaves,palak
khuskhus,khuskhus,khuskhus,
pickled onions,pickled onions,pickled onions,
chana stock,chana stock,chana stock,
dried basil leaves,dried basil leaves,dried basil leaves,
barnyard millet (bhagar flour),barnyard millet (bhagar flour),barnyard millet,bhagar flour
ओटमील,oatmeal,oatmeal,otamila
cheese cubes,cheese cubes,cheese cubes,
fresh thyme leaves,fresh thyme leaves,fresh thyme leaves,
tinda,tinda,tinda,
chikoo (sapota fruit),chikoo (sapota fruit),chikoo,sapota fruit
squid,squid,squid,
kashmiri dry red chillies,kashmiri dry red chillies,kashmiri dry red chillies,
fresh oregano,fresh oregano,fresh oregano,
kaffir lime juice,kaffir lime juice,kaffir lime juice,
बड़ी इलाईची,black cardamom,black cardamom,ba.di ilaichi
mango (ripe),mango (ripe),mango,ripe
कलौंजी के बीज,fennel seeds,fennel seeds,kalaumji ke bija
iceberg lettuce,iceberg lettuce,iceberg lettuce,
submarine bread (subway bread),submarine bread (subway bread),submarine bread,subway bread
चाट मसाला पाउडर,chaat masala powder,chaat masala powder,chata masala paudara
whole black peppercorns,whole black peppercorns,whole black peppercorns,
ग्रीन चिल्ली सॉस,green chilli sauce,green chilli sauce,grina chilli saॉsa
kandathipli,kandathipli,kandathipli,
green chilli,green chilli,green chilli,
butter (salted),butter (salted),butter,salted
curd (dahi / yogurt),curd (dahi / yogurt),curd,dahi / yogurt
rocket leaves,rocket leaves,rocket leaves,
small brinjal (baingan / eggplant),small brinjal (baingan / eggplant),small brinjal,baingan / eggplant
white urad dal (split),white urad dal (split),white urad dal,split
wheat flakes (cereal),wheat flakes (cereal),wheat flakes,cereal
धनिये के बीज,coriander seeds,coriander seeds,dhaniye ke bija
del monte tandoori mayo,del monte tandoori mayo,del monte tandoori mayo,
red black eyed beans (azuki),red black eyed beans (azuki),red black eyed beans,azuki
mussels,mussels,mussels,
french fries,french fries,french fries,
pomegranate molasses,pomegranate molasses,pomegranate molasses,
del monte mint mayo,del monte mint mayo,del monte mint mayo,
khoya,khoya,khoya,
dried neem flowers,dried neem flowers,dried neem flowers,
refined flour (all purpose flour),refined flour (all purpose flour),refined flour,all purpose flour
green apple,green apple,green apple,
सोया सॉस,soy sauce,soy sauce,soya saॉsa
rajgira flour,rajgira flour,rajgira flour,
cheese slices,cheese slices,cheese slices,
cheese,cheese,cheese,
tea monk oolong tea,tea monk oolong tea,tea monk oolong tea,
worcestershire sauce,worcestershire sauce,worcestershire sauce,
डबल बीन्स,double beans,double beans,dabala binsa
bottle gourd (lauki),bottle gourd (lauki),bottle gourd,lauki
dried red chilies,dried red chilies,dried red chilies,
mutton legs,mutton legs,mutton legs,
spirali pasta,spirali pasta,spirali pasta,
पालक,spinach,spinach,palaka
maharashtrian goda masala,maharashtrian goda masala,maharashtrian goda masala,
multigrain digestive oat biscuits,multigrain digestive oat biscuits,multigrain digestive oat biscuits,
mango,mango,mango,
raisins,raisins,raisins,
roasted gram flour (sattu ka atta),roasted gram flour (sattu ka atta),roasted gram flour,sattu ka atta
maltesers,maltesers,maltesers,
धंसक मसाला,smelling masala,smelling masala,dhamsaka masala
veeba carrot cucumber sandwich spread,veeba carrot cucumber sandwich spread,veeba carrot cucumber sandwich spread,
amla (nellikai/ gooseberry),amla (nellikai/ gooseberry),amla,nellikai/ gooseberry
मसूर दाल,red lentil,red lentil,masura dala
वांगी भात पाउडर,wangi bhat powder,wangi bhat powder,vamgi bhata paudara
गुलाब के पत्ते,rose leaves,rose leaves,gulaba ke patte
सूखे मटर,dried peas,dried peas,sukhe matara
peanut butter,peanut butter,peanut butter,
gram dal,gram dal,gram dal,
dagad phool (/pathar phool/black stone flower),dagad phool (/pathar phool/black stone flower),dagad phool,/pathar phool/black stone flower
cashews,cashews,cashews,
herring fish steaks,herring fish steaks,herring fish steaks,
khaman dhokla,khaman dhokla,khaman dhokla,
multi millet penne pasta,multi millet penne pasta,multi millet penne pasta,
कल्पासी के पत्ते,kalpasi leaves,kalpasi leaves,kalpasi ke patte
किसमिस,kissamis,kissamis,kisamisa
acorn squash,acorn squash,acorn squash,
काजू,cashew,cashew,kaju
soy chunks (nuggets),soy chunks (nuggets),soy chunks,nuggets
red matta rice,red matta rice,red matta rice,
kabuli chana (white chickpeas),kabuli chana (white chickpeas),kabuli chana,white chickpeas
goji berries,goji berries,goji berries,
homemade mole sauce,homemade mole sauce,homemade mole sauce,
barbeque sauce,barbeque sauce,barbeque sauce,
whole black pepper,whole black pepper,whole black pepper,
guacamole,guacamole,guacamole,
फलिया,bearing,bearing,phaliya
रोस्टेड चना दाल,roasted gram dal,roasted gram dal,rosteda chana dala
saffron,saffron,saffron,
italian seasoning,italian seasoning,italian seasoning,
rabodi,rabodi,rabodi,
roasted chana dal,roasted chana dal,roasted chana dal,
बेसिल,basil,basil,besila
chole masala,chole masala,chole masala,
whole wheat flour,whole wheat flour,whole wheat flour,
cayenne pepper,cayenne pepper,cayenne pepper,
britannia cheese spread - roasted garlic,britannia cheese spread - roasted garlic,britannia cheese spread - roasted garlic,
classic alfredo pasta sauce,classic alfredo pasta sauce,classic alfredo pasta sauce,
कॉर्न फ्लौर,corn flour,corn flour,kaॉrna phlaura
bhang paste,bhang paste,bhang paste,
cumin seeds,cumin seeds,cumin seeds,
cooking soda,cooking soda,cooking soda,
pani puris,pani puris,pani puris,
zucchini,zucchini,zucchini,
coca cola,coca cola,coca cola,
ajwain (carom seeds),ajwain (carom seeds),ajwain,carom seeds
tindora (dondakaya/ kovakkai),tindora (dondakaya/ kovakkai),tindora,dondakaya/ kovakkai
bourbon biscuits,bourbon biscuits,bourbon biscuits,
makhana,makhana,makhana,
dry mango powder,dry mango powder,dry mango powder,
instant oats (oatmeal),instant oats (oatmeal),instant oats,oatmeal
चीली फलैक्स,chile flex,chile flex,chili phalaiksa
groundnut oil,groundnut oil,groundnut oil,
केला,banana,banana,kela
dried red chili,dried red chili,dried red chili,
sweet potato,sweet potato,sweet potato,
bisleri fonzo,bisleri fonzo,bisleri fonzo,
multigrain digestive ragi biscuits,multigrain digestive ragi biscuits,multigrain digestive ragi biscuits,
puffed rice,puffed rice,puffed rice,
white onion,white onion,white onion,
sabja seeds,sabja seeds,sabja seeds,
del monte farfalle pasta,del monte farfalle pasta,del monte farfalle pasta,
byadagi dried chillies,byadagi dried chillies,byadagi dried chillies,
grape juice,grape juice,grape juice,
तिल (सफ़ेद),mole (white),mole,tila (safeda)
tea,tea,tea,
hung,hung,hung,
veeba honey mustard sauce,veeba honey mustard sauce,veeba honey mustard sauce,
classic mayonnaise (with egg),classic mayonnaise (with egg),classic mayonnaise,with egg
alfalfa sprouts,alfalfa sprouts,alfalfa sprouts,
mint leaves (pudina),mint leaves (pudina),mint leaves,pudina
papaya,papaya,papaya,
kataifi dough,kataifi dough,kataifi dough,
kala jeera,kala jeera,kala jeera,
clamps,clamps,clamps,
ranch,ranch,ranch,
coconut,coconut,coconut,
fresh turmeric root,fresh turmeric root,fresh turmeric root,
rajma (large kidney beans),rajma (large kidney beans),rajma,large kidney beans
dried rose petals,dried rose petals,dried rose petals,
काली चाय,black tea,black tea,kali chaya
round dry red chilies,round dry red chilies,round dry red chilies,
ice cubes,ice cubes,ice cubes,
fennel,fennel,fennel,
पिली ककड़ी,pili cucumber,pili cucumber,pili kaka.di
dill leaves,dill leaves,dill leaves,
orange,orange,orange,
आलू मसाला,potato masala,potato masala,alu masala
pumpkin seeds,pumpkin seeds,pumpkin seeds,
capsicum (green),capsicum (green),capsicum,green
methi powder (fenugreek powder),methi powder (fenugreek powder),methi powder,fenugreek powder
अदरक लहसुन का पेस्ट,ginger garlic paste,ginger garlic paste,adaraka lahasuna ka pesta
garlic and oregano spread,garlic and oregano spread,garlic and oregano spread,
fennel green leafy fronds,fennel green leafy fronds,fennel green leafy fronds,
जावित्री,javitri,javitri,javitri
लाल मिर्च,red chilli,red chilli,lala mircha
colocasia leaves (arbi),colocasia leaves (arbi),colocasia leaves,arbi
shrikhand,shrikhand,shrikhand,
spring onion,spring onion,spring onion,
black sesame seeds,black sesame seeds,black sesame seeds,
star anise,star anise,star anise,
instant coffee powder,instant coffee powder,instant coffee powder,
baby potatoes,baby potatoes,baby potatoes,
nagkesar/cassia buds,nagkesar/cassia buds,nagkesar/cassia buds,
रोस्टेड टोमेटो सॉस,roasted tomato sauce,roasted tomato sauce,rosteda tometo saॉsa
kapok buds,kapok buds,kapok buds,
ginger teriyaki sauce,ginger teriyaki sauce,ginger teriyaki sauce,
chana dal,chana dal,chana dal,
green beans (french beans),green beans (french beans),green beans,french beans
fresh raspberries,fresh raspberries,fresh raspberries,
red bell pepper (capsicum),red bell pepper (capsicum),red bell pepper,capsicum
pastry dough,pastry dough,pastry dough,
brandy,brandy,brandy,
neem leaves,neem leaves,neem leaves,
sesame oil,sesame oil,sesame oil,
indian butter fish,indian butter fish,indian butter fish,
प्रॉन,prawn,prawn,praॉna
spring onion greens,spring onion greens,spring onion greens,
लवंग,lavang,lavang,lavamga
tutti frutti ice cream,tutti frutti ice cream,tutti frutti ice cream,
mor milagai (dried green chillies),mor milagai (dried green chillies),mor milagai,dried green chillies
दही का चक्का,curd,curd,dahi ka chakka
गुलकंद,gulkand,gulkand,gulakamda
ice cream cone,ice cream cone,ice cream cone,
सेव,save,save,seva
salt,salt,salt,
mango (raw),mango (raw),mango,raw
dry corn kernals,dry corn kernals,dry corn kernals,
oranges,oranges,oranges,
tabasco original - hot sauce,tabasco original - hot sauce,tabasco original - hot sauce,
red wine vinaigrette,red wine vinaigrette,red wine vinaigrette,
डेट्स,dates,dates,detsa
fresh fruits,fresh fruits,fresh fruits,
roasted gram dal (pottukadalai),roasted gram dal (pottukadalai),roasted gram dal,pottukadalai
अरबी के पत्ते,arabic leaves,arabic leaves,arabi ke patte
radish,radish,radish,
बीसी बेले भात पाउडर,bc belle bhat powder,bc belle bhat powder,bisi bele bhata paudara
ब्रेड,bread,bread,breda
sundried tomatoes,sundried tomatoes,sundried tomatoes,
kakroda,kakroda,kakroda,
del monte whole corn kernels,del monte whole corn kernels,del monte whole corn kernels,
green beans,green beans,green beans,
चावल,rice,rice,chavala
potatoes (aloo),potatoes (aloo),potatoes,aloo
harissa paste,harissa paste,harissa paste,
homemade hummus,homemade hummus,homemade hummus,
गुड,good,good,guda
सुखी कश्मीरी मिर्च,dry kashmiri chilli,dry kashmiri chilli,sukhi kashmiri mircha
split methi seeds (methi kuria),split methi seeds (methi kuria),split methi seeds,methi kuria
goan recheado masala,goan recheado masala,goan recheado masala,
sprig extract of natural bourbon vanilla,sprig extract of natural bourbon vanilla,sprig extract of natural bourbon vanilla,
dry red chillies,dry red chillies,dry red chillies,
wheat bran,wheat bran,wheat bran,
cucumbers,cucumbers,cucumbers,
oil,oil,oil,
मेथी के दाने,fenugreek seeds,fenugreek seeds,methi ke dane
phyllo sheets,phyllo sheets,phyllo sheets,
dried oregano,dried oregano,dried oregano,
chinese cabbage,chinese cabbage,chinese cabbage,
halloumi cheese,halloumi cheese,halloumi cheese,
alu bukhara,alu bukhara,alu bukhara,
garlic salt,garlic salt,garlic salt,
ऑरेंज रंग,orange color,orange color,ऑremja ramga
रेड चिल्ली सॉस,red chilli sauce,red chilli sauce,reda chilli saॉsa
avarekalu,avarekalu,avarekalu,
butter,butter,butter,
congee powder,congee powder,congee powder,
maize dalia (broken corn meal),maize dalia (broken corn meal),maize dalia,broken corn meal
watermelon seeds,watermelon seeds,watermelon seeds,
chipotle peppers,chipotle peppers,chipotle peppers,
hazelnut,hazelnut,hazelnut,
leek,leek,leek,
sesame seeds (til seeds),sesame seeds (til seeds),sesame seeds,til seeds
wheat grass powder,wheat grass powder,wheat grass powder,
cheese spread,cheese spread,cheese spread,
kasuri methi (dried fenugreek leaves),kasuri methi (dried fenugreek leaves),kasuri methi,dried fenugreek leaves
coffee decoction,coffee decoction,coffee decoction,
red radish,red radish,red radish,
thandai powder,thandai powder,thandai powder,
fresh coconut,fresh coconut,fresh coconut,
soybeans (whole soya dal),soybeans (whole soya dal),soybeans,whole soya dal
poha,poha,poha,
lime wedges,lime wedges,lime wedges,
watermelon,watermelon,watermelon,
sooji (semolina/ rava),sooji (semolina/ rava),sooji,semolina/ rava
ऐश लौकी,ash gourd,ash gourd,aisha lauki
arborio rice,arborio rice,arborio rice,
sorrel leaves (gongura),sorrel leaves (gongura),sorrel leaves,gongura
corn flour tortilla,corn flour tortilla,corn flour tortilla,
hard taco shells,hard taco shells,hard taco shells,
red amaranth leaves,red amaranth leaves,red amaranth leaves,
barley flour,barley flour,barley flour,
mayo,mayo,mayo,
रतन जोट,ratan jot,ratan jot,ratana jota
puffed grains,puffed grains,puffed grains,
sambal oelek,sambal oelek,sambal oelek,
हरे प्याज के पत्ते,green onion leaves,green onion leaves,hare pyaja ke patte
arhar dal (split toor dal),arhar dal (split toor dal),arhar dal,split toor dal
horse gram flour,horse gram flour,horse gram flour,
dry white wine,dry white wine,dry white wine,
cherries,cherries,cherries,
rolled oats or instant oats,rolled oats or instant oats,rolled oats or instant oats,
raw peanuts (moongphali),raw peanuts (moongphali),raw peanuts,moongphali
pizza seasoning,pizza seasoning,pizza seasoning,
cold water,cold water,cold water,
किशमिश,raisin,raisin,kishamisha
swiss cheese,swiss cheese,swiss cheese,
custard apple (sitaphal),custard apple (sitaphal),custard apple,sitaphal
white beans,white beans,white beans,
सिंघाड़े का आटा,water chestnut flour,water chestnut flour,simgha.de ka ata
del monte tricolour spirali pasta,del monte tricolour spirali pasta,del monte tricolour spirali pasta,
लहसुन वाला मक्खन,garlic butter,garlic butter,lahasuna vala makkhana
shrimps,shrimps,shrimps,
pumpkin leaves,pumpkin leaves,pumpkin leaves,
hara chana,hara chana,hara chana,
mandi,mandi,mandi,
savoiardi,savoiardi,savoiardi,
lentil water,lentil water,lentil water,
काला चना,black gram,black gram,kala chana
sama flour (little millet),sama flour (little millet),sama flour,little millet
caramel sauce,caramel sauce,caramel sauce,
horseradish,horseradish,horseradish,
potato chips,potato chips,potato chips,
aerated water (soda water),aerated water (soda water),aerated water,soda water
vivatta flour,vivatta flour,vivatta flour,
तेज पत्ता,bay leaf,bay leaf,teja patta
bay leaf (tej patta),bay leaf (tej patta),bay leaf,tej patta
beetel leaves,beetel leaves,beetel leaves,
rose water,rose water,rose water,
चॉकलेट बार,chocolate bar,chocolate bar,chaॉkaleta bara
britannia cheese cubes,britannia cheese cubes,britannia cheese cubes,
dried red chilli,dried red chilli,dried red chilli,
roasted tomato pasta sauce,roasted tomato pasta sauce,roasted tomato pasta sauce,
badi hari mirch (large green chilli),badi hari mirch (large green chilli),badi hari mirch,large green chilli
आलू,potato,potato,alu
कास्टर शक्कर,castor sugar,castor sugar,kastara shakkara
dry coconut,dry coconut,dry coconut,
mixed herbs,mixed herbs,mixed herbs,
jhangora,jhangora,jhangora,
candy sugar,candy sugar,candy sugar,
fresh cream,fresh cream,fresh cream,
अखरोट,walnut,walnut,akharota
brahmi leaves,brahmi leaves,brahmi leaves,
ragi flour,ragi flour,ragi flour,
bean sprouts,bean sprouts,bean sprouts,
black pepper powder,black pepper powder,black pepper powder,
coriander powder (dhania),coriander powder (dhania),coriander powder,dhania
kalmatta olives,kalmatta olives,kalmatta olives,
tarragon,tarragon,tarragon,
avocado,avocado,avocado,
onions,onions,onions,
bamboo shoots,bamboo shoots,bamboo shoots,
egg white,egg white,egg white,
almond powder,almond powder,almond powder,
balsamic vinegar,balsamic vinegar,balsamic vinegar,
mother's recipe ginger garlic paste,mother's recipe ginger garlic paste,mother's recipe ginger garlic paste,
मुरमुरा,murmura,murmura,muramura
कच्चा टमाटर,raw tomatoes,raw tomatoes,kachcha tamatara
coconut flour,coconut flour,coconut flour,
goat brain,goat brain,goat brain,
veeba pizza & pasta sauce,veeba pizza & pasta sauce,veeba pizza & pasta sauce,
bulgur wheat,bulgur wheat,bulgur wheat,
hung curd,hung curd,hung curd,
extra virgin olive oil,extra virgin olive oil,extra virgin olive oil,
nongu,nongu,nongu,
cloves,cloves,cloves,
मूली के पत्ते,radish leaves,radish leaves,muli ke patte
वनीला एक्सट्रेक्ट,vanilla extract,vanilla extract,vanila eksatrekta
right noodles,right noodles,right noodles,
foxtail millet,foxtail millet,foxtail millet,
slice of brown bread (ground to get fresh bread crumbs),slice of brown bread (ground to get fresh bread crumbs),slice of brown bread,ground to get fresh bread crumbs
ker,ker,ker,
khus syrup,khus syrup,khus syrup,
gram flour,gram flour,gram flour,
nutralite garlic & oregano spread,nutralite garlic & oregano spread,nutralite garlic & oregano spread,
fresh green toor dal (pigeon pea),fresh green toor dal (pigeon pea),fresh green toor dal,pigeon pea
chocolate pearls,chocolate pearls,chocolate pearls,
betel leaves (paan),betel leaves (paan),betel leaves,paan
mint leaves,mint leaves,mint leaves,
pomegranate,pomegranate,pomegranate,
pointed gourd,pointed gourd,pointed gourd,
dark soy sauce,dark soy sauce,dark soy sauce,
शिमला मिर्च (लाल),capsicum,capsicum,shimala mircha (lala)
mustard sauce,mustard sauce,mustard sauce,
banana stem,banana stem,banana stem,
sprig ginger teriyaki sauce,sprig ginger teriyaki sauce,sprig ginger teriyaki sauce,
भिन्डी (ओखरा),bindi (okhra),bindi,bhindi (okhara)
dragon fruit (pitaya),dragon fruit (pitaya),dragon fruit,pitaya
english cucumber,english cucumber,english cucumber,
rolled oats,rolled oats,rolled oats,
bhindi,bhindi,bhindi,
गोडा मसाला,goda masala,goda masala,goda masala
big cardamom,big cardamom,big cardamom,
kolhapuri khanda lasun masala,kolhapuri khanda lasun masala,kolhapuri khanda lasun masala,
chocolate cake,chocolate cake,chocolate cake,
almond meal (badam powder),almond meal (badam powder),almond meal,badam powder
seven up,seven up,seven up,
सोयाा सॉस,soya sauce,soya sauce,soyaa saॉsa
ragi flour (finger millet/ nagli),ragi flour (finger millet/ nagli),ragi flour,finger millet/ nagli
whiskey,whiskey,whiskey,
nylon sabakki,nylon sabakki,nylon sabakki,
apple puree,apple puree,apple puree,
hilsa fish,hilsa fish,hilsa fish,
aubergine,aubergine,aubergine,
bajra flour,bajra flour,bajra flour,
coriander leaves,coriander leaves,coriander leaves,
ridge gourd (turai / peerkangai),ridge gourd (turai / peerkangai),ridge gourd,turai / peerkangai
white cashew nuts,white cashew nuts,white cashew nuts,
mozzarella cheese,mozzarella cheese,mozzarella cheese,
broken wheat (dalia/ godumai rava),broken wheat (dalia/ godumai rava),broken wheat,dalia/ godumai rava
fresh green chickpeas,fresh green chickpeas,fresh green chickpeas,
sweet and spicy red chilli sauce (tomato chilli sauce),sweet and spicy red chilli sauce (tomato chilli sauce),sweet and spicy red chilli sauce,tomato chilli sauce
पार्सले,parsley,parsley,parsale
ड्राई फ्रूट्स,dry fruits,dry fruits,drai phrutsa
onions (semolina/ rava),onions (semolina/ rava),onions,semolina/ rava
flax seed powder,flax seed powder,flax seed powder,
nutralite classic spread,nutralite classic spread,nutralite classic spread,
चंडी का वर्क,chandi work,chandi work,chamdi ka varka
molasses,molasses,molasses,
colocasia,colocasia,colocasia,
turmeric leaves,turmeric leaves,turmeric leaves,
green chawli beans (yard long beans/karamani/barbati),green chawli beans (yard long beans/karamani/barbati),green chawli beans,yard long beans/karamani/barbati
gourd,gourd,gourd,
kalpasi flower (stone flower),kalpasi flower (stone flower),kalpasi flower,stone flower
jowar grains,jowar grains,jowar grains,
मोरिंगा या सहजन की फली,moringa or drumstick pod,moringa or drumstick pod,morimga ya sahajana ki phali
tamarind chutney,tamarind chutney,tamarind chutney,
veeba peri peri sauce,veeba peri peri sauce,veeba peri peri sauce,
ice,ice,ice,
del monte cheesy garlic mayo,del monte cheesy garlic mayo,del monte cheesy garlic mayo,
नोल नोल,nolon,nolon,nola nola
kala chana (brown chickpeas),kala chana (brown chickpeas),kala chana,brown chickpeas
lentils,lentils,lentils,
pointed gourd (parval),pointed gourd (parval),pointed gourd,parval
mint pesto,mint pesto,mint pesto,
raw papaya,raw papaya,raw papaya,
mustard,mustard,mustard,
लाल प्याज,red onion,red onion,lala pyaja
tofu,tofu,tofu,
kolhapuri khanda garlic masala,kolhapuri khanda garlic masala,kolhapuri khanda garlic masala,
vangi bhaat powder,vangi bhaat powder,vangi bhaat powder,
oats,oats,oats,
slivered almonds (badam),slivered almonds (badam),slivered almonds,badam
citric acid crystals,citric acid crystals,citric acid crystals,
chichinda,chichinda,chichinda,
goat cheese,goat cheese,goat cheese,
cantaloupe,cantaloupe,cantaloupe,
khoya (mawa),khoya (mawa),khoya,mawa
seer fish,seer fish,seer fish,
bacon,bacon,bacon,
nutralite cheesy garlic mayo,nutralite cheesy garlic mayo,nutralite cheesy garlic mayo,
सी नमक,crush,crush,si namaka
lemon grass,lemon grass,lemon grass,
sweet chutney (date & tamarind),sweet chutney (date & tamarind),sweet chutney,date & tamarind
fresh red chillies,fresh red chillies,fresh red chillies,
white tea,white tea,white tea,
ricotta cheese,ricotta cheese,ricotta cheese,
jackfruit seeds (kathal),jackfruit seeds (kathal),jackfruit seeds,kathal
मोज़रेला चीज़,mosaic cheese,mosaic cheese,mozarela chiza
black currant ice cream,black currant ice cream,black currant ice cream,
baby potato,baby potato,baby potato,
ब्रेड क्रम्ब्स,bread serbes,bread serbes,breda krambsa
रायता मसाला,raita masala,raita masala,rayata masala
dark rum,dark rum,dark rum,
mango shrikhand,mango shrikhand,mango shrikhand,
peaches,peaches,peaches,
long string bean (chavli),long string bean (chavli),long string bean,chavli
linguine pasta,linguine pasta,linguine pasta,
sundakkai (turkey berries),sundakkai (turkey berries),sundakkai,turkey berries
french loaf,french loaf,french loaf,
black urad dal (whole),black urad dal (whole),black urad dal,whole
wood apple (bael fruit),wood apple (bael fruit),wood apple,bael fruit
हरी,green,green,hari
clove powder (laung),clove powder (laung),clove powder,laung
शेजवान सॉस,shejwan sauce,shejwan sauce,shejavana saॉsa
sabudana,sabudana,sabudana,
kashmiri red chili powder,kashmiri red chili powder,kashmiri red chili powder,
papad khar,papad khar,papad khar,
red chilli powder,red chilli powder,red chilli powder,
methi leaves (fenugreek leaves),methi leaves (fenugreek leaves),methi leaves,fenugreek leaves
britannia cheese spread - classic,britannia cheese spread - classic,britannia cheese spread - classic,
drumstick leaves,drumstick leaves,drumstick leaves,
green capsicum,green capsicum,green capsicum,
black salt or rock salt,black salt or rock salt,black salt or rock salt,
boiled peanuts,boiled peanuts,boiled peanuts,
rice noodles,rice noodles,rice noodles,
puff pastry sheet,puff pastry sheet,puff pastry sheet,
white urad dal (whole),white urad dal (whole),white urad dal,whole
sherry,sherry,sherry,
toor dal,toor dal,toor dal,
tindora,tindora,tindora,
fennel powder,fennel powder,fennel powder,
wheat germ,wheat germ,wheat germ,
rye flour,rye flour,rye flour,
alum,alum,alum,
lotus cucumber,lotus cucumber,lotus cucumber,
fennel seeds (saunf),fennel seeds (saunf),fennel seeds,saunf
homemade hoisin sauce,homemade hoisin sauce,homemade hoisin sauce,
tortillas,tortillas,tortillas,
white vinegar,white vinegar,white vinegar,
drumstick leaves (moringa/murungai keerai),drumstick leaves (moringa/murungai keerai),drumstick leaves,moringa/murungai keerai
asafoetida (hing);,asafoetida (hing);,asafoetida ;,hing
semiya (vermicelli),semiya (vermicelli),semiya,vermicelli
kanchagolla,kanchagolla,kanchagolla,
फॉक्सटेल मिलेट,foxtel milllet,foxtel milllet,phaॉksatela mileta
orange essence,orange essence,orange essence,
canned cherries,canned cherries,canned cherries,
बटन मशरुम,button mushroom,button mushroom,batana masharuma
salmon fillet,salmon fillet,salmon fillet,
naan,naan,naan,
अमरांथ के पत्ते,hello leaves,hello leaves,amaramtha ke patte
light soy sauce,light soy sauce,light soy sauce,
wheat flour,wheat flour,wheat flour,
red yellow or green bell pepper (capsicum),red yellow or green bell pepper (capsicum),red yellow or green bell pepper,capsicum
खोया,luxurious,luxurious,khoya
सब्ज़िया,sabzia,sabzia,sabziya
carrot (gajjar),carrot (gajjar),carrot,gajjar
macaroni pasta,macaroni pasta,macaroni pasta,
small brinjal (bean / eggplant),small brinjal (bean / eggplant),small brinjal,bean / eggplant
एक्टिव ड्राई यीस्ट,active dry yeast,active dry yeast,ektiva drai yista
mace,mace,mace,
mackerel fish,mackerel fish,mackerel fish,
caramelized onions,caramelized onions,caramelized onions,
thai green curry paste,thai green curry paste,thai green curry paste,
turkey berries,turkey berries,turkey berries,
makki ka atta (yellow corn meal flour),makki ka atta (yellow corn meal flour),makki ka atta,yellow corn meal flour
sambal paste,sambal paste,sambal paste,
लाइम फली,lime pod,lime pod,laima phali
mango pulp (puree),mango pulp (puree),mango pulp,puree
yellow food colour,yellow food colour,yellow food colour,
capsicum(green),capsicum(green),capsicum,green
orange pulp,orange pulp,orange pulp,
sambar powder,sambar powder,sambar powder,
pearl onions (sambar onions),pearl onions (sambar onions),pearl onions,sambar onions
quinoa penne pasta,quinoa penne pasta,quinoa penne pasta,
green olives,green olives,green olives,
beetroots,beetroots,beetroots,
चिकन स्टॉक,chicken stock,chicken stock,chikana staॉka
hing,hing,hing,
quinoa,quinoa,quinoa,
अंजीर,fig,fig,amjira
खस खस,khas poppy,khas poppy,khasa khasa
ginger juice,ginger juice,ginger juice,
french bread,french bread,french bread,
strawberry compote,strawberry compote,strawberry compote,
pistachio extract,pistachio extract,pistachio extract,
थाई बेसिल के पत्ते,thai basil leaves,thai basil leaves,thai besila ke patte
fresh orange juice,fresh orange juice,fresh orange juice,
dried green peas (vatana),dried green peas (vatana),dried green peas,vatana
granola,granola,granola,
pecans,pecans,pecans,
kalonji (onion nigella seeds). ),kalonji (onion nigella seeds). ),kalonji . ),onion nigella seeds
red romaine lettuce,red romaine lettuce,red romaine lettuce,
हल्दि,haldi,haldi,haldi
छास,chas,chas,chasa
orange marmalade jam,orange marmalade jam,orange marmalade jam,
soup buns,soup buns,soup buns,
vermicelli,vermicelli,vermicelli,
gunda,gunda,gunda,
pav bhaji masala,pav bhaji masala,pav bhaji masala,
coriander powder (dhania). ),coriander powder (dhania). ),coriander powder . ),dhania
kashmiri dry red chilli,kashmiri dry red chilli,kashmiri dry red chilli,
portobello mushrooms,portobello mushrooms,portobello mushrooms,
white pepper powder,white pepper powder,white pepper powder,
breast milk or formula,breast milk or formula,breast milk or formula,
cumin,cumin,cumin,
peanut oil,peanut oil,peanut oil,
red chillies powder,red chillies powder,red chillies powder,
chicken keema,chicken keema,chicken keema,
brie cheese,brie cheese,brie cheese,
thai red curry paste,thai red curry paste,thai red curry paste,
रेड वाइन विनेगरेट,red wine vinegret,red wine vinegret,reda vaina vinegareta
malabar spinach leaves,malabar spinach leaves,malabar spinach leaves,
alfalfa powder,alfalfa powder,alfalfa powder,
capers,capers,capers,
छोटे प्याज,small onion,small onion,chote pyaja
thandai masala,thandai masala,thandai masala,
stone flower,stone flower,stone flower,
basil seeds (sabja),basil seeds (sabja),basil seeds,sabja
rasgulla syrup,rasgulla syrup,rasgulla syrup,
bread rusks,bread rusks,bread rusks,
sultana raisins,sultana raisins,sultana raisins,
emami rice bran oil,emami rice bran oil,emami rice bran oil,
black urad dal,black urad dal,black urad dal,
kabuli chana,kabuli chana,kabuli chana,
green bell pepper (capsicum),green bell pepper (capsicum),green bell pepper,capsicum
jello,jello,jello,
oyster sauce,oyster sauce,oyster sauce,
sweetened coconut flakes,sweetened coconut flakes,sweetened coconut flakes,
vada,vada,vada,
blanched tomatoes,blanched tomatoes,blanched tomatoes,
लहसुन चटनी,garlic chutney,garlic chutney,lahasuna chatani
chocolate shavings,chocolate shavings,chocolate shavings,
red wine,red wine,red wine,
eggless mayonnaise,eggless mayonnaise,eggless mayonnaise,
brown sugar,brown sugar,brown sugar,
nilla cookies,nilla cookies,nilla cookies,
डीजोन मस्टर्ड,dizon mustard,dizon mustard,dijona mastarda
amul whipping cream,amul whipping cream,amul whipping cream,
पाइनएप्पल,pineapple,pineapple,painaeppala
bell pepper (green),bell pepper (green),bell pepper,green
prawns,prawns,prawns,
boondi,boondi,boondi,
basa fish,basa fish,basa fish,
double cream,double cream,double cream,
phyllo tartlet cups,phyllo tartlet cups,phyllo tartlet cups,
tapioca flour (sago),tapioca flour (sago),tapioca flour,sago
ओलिव,olive,olive,oliva
guava juice,guava juice,guava juice,
ragi seeds,ragi seeds,ragi seeds,
artichokes,artichokes,artichokes,
लहुसन,rhuson,rhuson,lahusana
red chilli flakes,red chilli flakes,red chilli flakes,
अमचूर पाउडर,amchur powder,amchur powder,amachura paudara
pickle,pickle,pickle,
mint powder (pudina),mint powder (pudina),mint powder,pudina
milk,milk,milk,
dry mix herbs,dry mix herbs,dry mix herbs,
momos,momos,momos,
amla,amla,amla,
graham cracker crumbs,graham cracker crumbs,graham cracker crumbs,
sundakai,sundakai,sundakai,
toor dal or chana dal,toor dal or chana dal,toor dal or chana dal,
मिक्स्ड मसाला,mixed masala,mixed masala,miksda masala
धनिया पाउडर,coriander powder,coriander powder,dhaniya paudara
all purpose flour (maida),all purpose flour (maida),all purpose flour,maida
butter (unsalted),butter (unsalted),butter,unsalted
homemade pizza dough,homemade pizza dough,homemade pizza dough,
amchur (dry mango powder),amchur (dry mango powder),amchur,dry mango powder
gingerly oil,gingerly oil,gingerly oil,
half and half,half and half,half and half,
horlicks,horlicks,horlicks,
salad leaves,salad leaves,salad leaves,
long green brinjal,long green brinjal,long green brinjal,
aloo tikki (potato),aloo tikki (potato),aloo tikki,potato
split mustard seeds (rai kuria),split mustard seeds (rai kuria),split mustard seeds,rai kuria
ridge gourd skin (turai/ peerkangai),ridge gourd skin (turai/ peerkangai),ridge gourd skin,turai/ peerkangai
honey,honey,honey,
kokums,kokums,kokums,
soya chaap,soya chaap,soya chaap,
phulka,phulka,phulka,
jam,jam,jam,
white hibiscus leaves,white hibiscus leaves,white hibiscus leaves,
green coffee beans,green coffee beans,green coffee beans,
कश्मीरी लाल मिर्च,kashmiri red chili,kashmiri red chili,kashmiri lala mircha
chayote,chayote,chayote,
bell pepper (yellow),bell pepper (yellow),bell pepper,yellow
खुस खुस,khus khus,khus khus,khusa khusa
काले तिल,black mole,black mole,kale tila
sage,sage,sage,
carrots,carrots,carrots,
aar maach (fish),aar maach (fish),aar maach,fish
kiwi,kiwi,kiwi,
kodo millet,kodo millet,kodo millet,
idli rice,idli rice,idli rice,
malt vinegar,malt vinegar,malt vinegar,
edible camphor,edible camphor,edible camphor,
जीरा पाउडर,cumin powder,cumin powder,jira paudara
kolhapuri masala,kolhapuri masala,kolhapuri masala,
britannia cheezza,britannia cheezza,britannia cheezza,
ras el hanout spice blend,ras el hanout spice blend,ras el hanout spice blend,
sichuan peppercorns,sichuan peppercorns,sichuan peppercorns,
pickle mayo,pickle mayo,pickle mayo,
कंडेन्स दूध,condenses milk,condenses milk,kamdensa dudha
yellow squash,yellow squash,yellow squash,
sponge cake slice,sponge cake slice,sponge cake slice,
britannia cheese slice,britannia cheese slice,britannia cheese slice,
date syrup,date syrup,date syrup,
wonton wraps,wonton wraps,wonton wraps,
rice paper rolls,rice paper rolls,rice paper rolls,
gulab jamun,gulab jamun,gulab jamun,
coriander (dhania) leaves,coriander (dhania) leaves,coriander  leaves,dhania
पुरे काली मिर्च मकई,entire black pepper corn,entire black pepper corn,pure kali mircha makai
govind bhog rice,govind bhog rice,govind bhog rice,
bajra (seeds),bajra (seeds),bajra,seeds
sour cream,sour cream,sour cream,
mutton kheema,mutton kheema,mutton kheema,
सफ़ेद मटर (सूखा),white peas (drought),white peas,safeda matara (sukha)
masoor dal (whole),masoor dal (whole),masoor dal,whole
nutella spread,nutella spread,nutella spread,
sesame seeds (white),sesame seeds (white),sesame seeds,white
rasgulla,rasgulla,rasgulla,
soy granules,soy granules,soy granules,
tamarind paste,tamarind paste,tamarind paste,
turnips,turnips,turnips,
गुड़,jaggery,jaggery,gu.da
pineapple essence,pineapple essence,pineapple essence,
cutlets,cutlets,cutlets,
tender coconut meat,tender coconut meat,tender coconut meat,
food color,food color,food color,
मिर्ची पाउडर,chilli powder,chilli powder,mirchi paudara
राइ,rye,rye,rai
almonds,almonds,almonds,
cabbage (patta gobi/ mutton,cabbage (patta gobi/ mutton,cabbage (patta gobi/ mutton,
whole egg,whole egg,whole egg,
durum wheat penne pasta,durum wheat penne pasta,durum wheat penne pasta,
tomato puree,tomato puree,tomato puree,
बादाम,almond,almond,badama
ब्यादगी लाल मिर्च,gentle red chili,gentle red chili,byadagi lala mircha
baileys irish cream,baileys irish cream,baileys irish cream,
kashmiri red chillies,kashmiri red chillies,kashmiri red chillies,
loose leaf tea,loose leaf tea,loose leaf tea,
spirulina,spirulina,spirulina,
samosas,samosas,samosas,
raw peanuts ( moongphali),raw peanuts ( moongphali),raw peanuts, moongphali
provolone cheese,provolone cheese,provolone cheese,
green chili,green chili,green chili,
crackers,crackers,crackers,
गोबी,gobi,gobi,gobi
mayonnaise,mayonnaise,mayonnaise,
britannia cheese spread - mexican chilli,britannia cheese spread - mexican chilli,britannia cheese spread - mexican chilli,
चीज़,thing,thing,chiza
सोया चंक्स,soy chunks,soy chunks,soya chamksa
whole eggs,whole eggs,whole eggs,
whole black pepper corns,whole black pepper corns,whole black pepper corns,
semiya,semiya,semiya,
gouda cheese,gouda cheese,gouda cheese,
byadagi red chillies,byadagi red chillies,byadagi red chillies,
yellow zucchini,yellow zucchini,yellow zucchini,
vanilla ice cream,vanilla ice cream,vanilla ice cream,
lemon pound cake,lemon pound cake,lemon pound cake,
कढ़ी पत्ता,kadhi leaf,kadhi leaf,kaढ़i patta
jowar seeds,jowar seeds,jowar seeds,
ginger powder,ginger powder,ginger powder,
pecorino romano cheese,pecorino romano cheese,pecorino romano cheese,
sugar snap peas,sugar snap peas,sugar snap peas,
sev,sev,sev,
mishti doi,mishti doi,mishti doi,
sesame gingerly oil,sesame gingerly oil,sesame gingerly oil,
coconut sugar,coconut sugar,coconut sugar,
sesame (gingelly) oil,sesame (gingelly) oil,sesame  oil,gingelly
aachi fish masala,aachi fish masala,aachi fish masala,
veeba sriracha sauce,veeba sriracha sauce,veeba sriracha sauce,
green chutney,green chutney,green chutney,
plum sauce,plum sauce,plum sauce,
hack noodles,hack noodles,hack noodles,
tagliatelle pasta,tagliatelle pasta,tagliatelle pasta,
moth sprouts (matki),moth sprouts (matki),moth sprouts,matki
kashmiri red chilli,kashmiri red chilli,kashmiri red chilli,
rajgira flour (amaranth flour),rajgira flour (amaranth flour),rajgira flour,amaranth flour
plantain stem,plantain stem,plantain stem,
mixed spices,mixed spices,mixed spices,
champagne,champagne,champagne,
white garbanzo,white garbanzo,white garbanzo,
tea bags,tea bags,tea bags,
rock salt,rock salt,rock salt,
amaranth leaves,amaranth leaves,amaranth leaves,
लेटस,latus,latus,letasa
black beans,black beans,black beans,
cranberry juice,cranberry juice,cranberry juice,
manathakkali kai vathal,manathakkali kai vathal,manathakkali kai vathal,
ग़ुड,gud,gud,guda
छोटे प्याज़ सांबर वाले,small onion sambar,small onion sambar,chote pyaza sambara vale
kimchi,kimchi,kimchi,
नोल नोल के पत्ते,nolumin leaves,nolumin leaves,nola nola ke patte
dark chocolate chips,dark chocolate chips,dark chocolate chips,
barnyard millet,barnyard millet,barnyard millet,
greens,greens,greens,
kitkat bars,kitkat bars,kitkat bars,
sardine fish,sardine fish,sardine fish,
chilli garlic sauce,chilli garlic sauce,chilli garlic sauce,
almond milk (badam milk),almond milk (badam milk),almond milk,badam milk
onion powder,onion powder,onion powder,
chivda,chivda,chivda,
enos fruit salt,enos fruit salt,enos fruit salt,
चकुंदर,chakundar,chakundar,chakumdara
burger buns,burger buns,burger buns,
homemade pizza and pasta sauce,homemade pizza and pasta sauce,homemade pizza and pasta sauce,
gorgonzola cheese,gorgonzola cheese,gorgonzola cheese,
hot dog bread,hot dog bread,hot dog bread,
nigella seeds,nigella seeds,nigella seeds,
pumpkin puree,pumpkin puree,pumpkin puree,
बादाम का दूध,almond milk,almond milk,badama ka dudha
beetroot dip,beetroot dip,beetroot dip,
kashmiri red chillie powder,kashmiri red chillie powder,kashmiri red chillie powder,
veeba garlic mayo,veeba garlic mayo,veeba garlic mayo,
शाही जीरा,royal cumin,royal cumin,shahi jira
mustard greens,mustard greens,mustard greens,
mascarpone cheese,mascarpone cheese,mascarpone cheese,
medu vada,medu vada,medu vada,
rye bread,rye bread,rye bread,
amla (nellikai / gooseberry),amla (nellikai / gooseberry),amla,nellikai / gooseberry
mace powder,mace powder,mace powder,
citron (narthangai),citron (narthangai),citron,narthangai
mint rice,mint rice,mint rice,
gruyere cheese,gruyere cheese,gruyere cheese,
pitted cherries,pitted cherries,pitted cherries,
poha (flattened rice),poha (flattened rice),poha,flattened rice
sugarcane juice,sugarcane juice,sugarcane juice,
red yellow and green bell peppers (capsicum),red yellow and green bell peppers (capsicum),red yellow and green bell peppers,capsicum
arrowroot flour,arrowroot flour,arrowroot flour,
black olives,black olives,black olives,
gond (natural gum),gond (natural gum),gond,natural gum
cardamom powder,cardamom powder,cardamom powder,
सेलरी,salary,salary,selari
whole wheat tawa paratha,whole wheat tawa paratha,whole wheat tawa paratha,
couscous,couscous,couscous,
white urad dal (split),white urad dal (split),white urad dal,split
ब्राउन ब्रेड,brown bread,brown bread,brauna breda
vegetables,vegetables,vegetables,
sun dried tomatoes,sun dried tomatoes,sun dried tomatoes,
flaxmeal egg replacer,flaxmeal egg replacer,flaxmeal egg replacer,
sabudana (tapioca pearls),sabudana (tapioca pearls),sabudana,tapioca pearls
काफिर लाइम के पत्ते,kafir lime leaves,kafir lime leaves,kaphira laima ke patte
del monte tartare dip,del monte tartare dip,del monte tartare dip,
अनारदाना पाउडर,pomegranate powder,pomegranate powder,anaradana paudara
chickpeas or chickpeas,chickpeas or chickpeas,chickpeas or chickpeas,
red grapes,red grapes,red grapes,
shallot,shallot,shallot,
cumin seeds ( jeera,cumin seeds ( jeera,cumin seeds ( jeera,
mango juice,mango juice,mango juice,
बंगाल ग्राम दाल,bengal village dal,bengal village dal,bamgala grama dala
अदरक,ginger,ginger,adaraka
paneer,paneer,paneer,
almond butter,almond butter,almond butter,
mixed lentils,mixed lentils,mixed lentils,
fried bread cubes (croutons),fried bread cubes (croutons),fried bread cubes,croutons
salt and pepper,salt and pepper,salt and pepper,
pickled jalapenos,pickled jalapenos,pickled jalapenos,
cinnamon powder (dalchini),cinnamon powder (dalchini),cinnamon powder,dalchini
crab meat,crab meat,crab meat,
whole milk,whole milk,whole milk,
kababchini (tailed pepper),kababchini (tailed pepper),kababchini,tailed pepper
mandarin orange,mandarin orange,mandarin orange,
grapefruit,grapefruit,grapefruit,
monin’s cuaracao triple sec,monin’s cuaracao triple sec,monin’s cuaracao triple sec,
rabodi (dried corn papad),rabodi (dried corn papad),rabodi,dried corn papad
walking catfish,walking catfish,walking catfish,
tulsi (holy basil),tulsi (holy basil),tulsi,holy basil
ragi semiya,ragi semiya,ragi semiya,
मूंगफली,groundnut,groundnut,mumgaphali
corn meal,corn meal,corn meal,
tomato basil pasta sauce,tomato basil pasta sauce,tomato basil pasta sauce,
millet flour,millet flour,millet flour,
veeba burger mayonnaise,veeba burger mayonnaise,veeba burger mayonnaise,
lotus stem,lotus stem,lotus stem,
veeba marinara sauce,veeba marinara sauce,veeba marinara sauce,
kadhi masala,kadhi masala,kadhi masala,
turmeric powder (haldi),turmeric powder (haldi),turmeric powder,haldi
colocasia root (arbi),colocasia root (arbi),colocasia root,arbi
bourbon,bourbon,bourbon,
carrots (gajjar),carrots (gajjar),carrots,gajjar
honey mustard dressing,honey mustard dressing,honey mustard dressing,
del monte cheesy dip,del monte cheesy dip,del monte cheesy dip,
plums,plums,plums,
chow chow (chayote squash),chow chow (chayote squash),chow chow,chayote squash
मिक्स्ड सब्जिआ,mixed vegetable,mixed vegetable,miksda sabjia
प्याज,onion,onion,pyaja
roasted peanuts (moongphali),roasted peanuts (moongphali),roasted peanuts,moongphali
cubes of cheese,cubes of cheese,cubes of cheese,
french beans,french beans,french beans,
arisithipli,arisithipli,arisithipli,
ziti pasta,ziti pasta,ziti pasta,
dried mango powder,dried mango powder,dried mango powder,
coconut curd,coconut curd,coconut curd,
coriander (dhania) seeds,coriander (dhania) seeds,coriander  seeds,dhania
refried beans,refried beans,refried beans,
panini bread,panini bread,panini bread,
jasmine rice,jasmine rice,jasmine rice,
purple yam,purple yam,purple yam,
motichoor ladoos,motichoor ladoos,motichoor ladoos,
papdi puris,papdi puris,papdi puris,
coconut flakes,coconut flakes,coconut flakes,
hog plum (amtekai),hog plum (amtekai),hog plum,amtekai
habenaro sauce,habenaro sauce,habenaro sauce,
अंकुरित दाल,bean sprout,bean sprout,amkurita dala
vanilla custard,vanilla custard,vanilla custard,
veeba sweet chilli sauce,veeba sweet chilli sauce,veeba sweet chilli sauce,
वीट जर्म,vet germ,vet germ,vita jarma
chickpea sprouts,chickpea sprouts,chickpea sprouts,
barley (seeds),barley (seeds),barley,seeds
saffron strands,saffron strands,saffron strands,
आल स्पाइस पाउडर,all spice powder,all spice powder,ala spaisa paudara
veeba harissa sauce,veeba harissa sauce,veeba harissa sauce,
soy flour,soy flour,soy flour,
kosher salt,kosher salt,kosher salt,
sweet potato & beet kebab balls,sweet potato & beet kebab balls,sweet potato & beet kebab balls,
caster sugar,caster sugar,caster sugar,
fettuccine pasta,fettuccine pasta,fettuccine pasta,
जेलेपिनो,zlepino,zlepino,jelepino
byadagi red chilli,byadagi red chilli,byadagi red chilli,
colostrum (early milk),colostrum (early milk),colostrum,early milk
whole almonds (badam),whole almonds (badam),whole almonds,badam
health mix,health mix,health mix,
punjabi style mango pickle,punjabi style mango pickle,punjabi style mango pickle,
corn cob,corn cob,corn cob,
रेड चिल्ली फलैक्स,red chilli palax,red chilli palax,reda chilli phalaiksa
lemon,lemon,lemon,
peepramul powder (ganthoda),peepramul powder (ganthoda),peepramul powder,ganthoda
mustard seeds (rai/ kadugu). ),mustard seeds (rai/ kadugu). ),mustard seeds . ),rai/ kadugu
bathua,bathua,bathua,
cane sugar,cane sugar,cane sugar,
heart leaves,heart leaves,heart leaves,
dhansak masala,dhansak masala,dhansak masala,
taco seasoning,taco seasoning,taco seasoning,
turmeric powder,turmeric powder,turmeric powder,
brown sugar (demerara sugar),brown sugar (demerara sugar),brown sugar,demerara sugar
apples,apples,apples,
agathi keerai,agathi keerai,agathi keerai,
पापड़,papad,papad,papa.da
green grapes,green grapes,green grapes,
kabuli chana or chickpeas,kabuli chana or chickpeas,kabuli chana or chickpeas,
lotus seeds,lotus seeds,lotus seeds,
pickle masala,pickle masala,pickle masala,
leftover roti,leftover roti,leftover roti,
fruits,fruits,fruits,
bhindi/okra/vendaikkai,bhindi/okra/vendaikkai,bhindi/okra/vendaikkai,
icing sugar,icing sugar,icing sugar,
pea shoot leaves,pea shoot leaves,pea shoot leaves,
blue cheese,blue cheese,blue cheese,
kapok bud,kapok bud,kapok bud,
pumpkin flowers,pumpkin flowers,pumpkin flowers,
कंटोल,contol,contol,kamtola
edible silver foil/leaf (chandi ka vark),edible silver foil/leaf (chandi ka vark),edible silver foil/leaf,chandi ka vark
कटहल,jackfruit,jackfruit,katahala
bechamel sauce,bechamel sauce,bechamel sauce,
cooked rice noodles,cooked rice noodles,cooked rice noodles,
blueberry jam,blueberry jam,blueberry jam,
palm sugar,palm sugar,palm sugar,
corn kernels,corn kernels,corn kernels,
carp fish,carp fish,carp fish,
beef,beef,beef,
bay leaves,bay leaves,bay leaves,
fennel bulb,fennel bulb,fennel bulb,
pudina dahi chutney,pudina dahi chutney,pudina dahi chutney,
dry dates powder (kharik pud),dry dates powder (kharik pud),dry dates powder,kharik pud
nolen gur,nolen gur,nolen gur,
green moong sprouts,green moong sprouts,green moong sprouts,
mango ginger,mango ginger,mango ginger,
yakisoba noodles,yakisoba noodles,yakisoba noodles,
green chilli paste,green chilli paste,green chilli paste,
bhindi (lady finger/okra),bhindi (lady finger/okra),bhindi,lady finger/okra
kewra essence,kewra essence,kewra essence,
farsan,farsan,farsan,
rabdi,rabdi,rabdi,
sriracha sauce,sriracha sauce,sriracha sauce,
tzatziki,tzatziki,tzatziki,
meat masala,meat masala,meat masala,
toothpicks,toothpicks,toothpicks,
chives,chives,chives,
bay leaves (tej patta),bay leaves (tej patta),bay leaves,tej patta
summer salad,summer salad,summer salad,
heavy whipping cream,heavy whipping cream,heavy whipping cream,
purple cabbage,purple cabbage,purple cabbage,
apple cider vinegar,apple cider vinegar,apple cider vinegar,
pickles,pickles,pickles,
gulab jamun mix,gulab jamun mix,gulab jamun mix,
assam tea leaves,assam tea leaves,assam tea leaves,
phool makhana (lotus seeds),phool makhana (lotus seeds),phool makhana,lotus seeds
summac,summac,summac,
whole wheat flour tortilla,whole wheat flour tortilla,whole wheat flour tortilla,
गोभी,cauliflower,cauliflower,gobhi
chat masala powder,chat masala powder,chat masala powder,
onion masala,onion masala,onion masala,
avarekai (broad beans),avarekai (broad beans),avarekai,broad beans
manathakkali keerai,manathakkali keerai,manathakkali keerai,
मेथी पाउडर,fenugreek powder,fenugreek powder,methi paudara
cumin seeds powder,cumin seeds powder,cumin seeds powder,
tapioca root,tapioca root,tapioca root,
सूजी,semolina,semolina,suji
honey dew melon,honey dew melon,honey dew melon,
confectioners sugar,confectioners sugar,confectioners sugar,
green coriander leaves,green coriander leaves,green coriander leaves,
elephant yam (suran/senai/ratalu),elephant yam (suran/senai/ratalu),elephant yam,suran/senai/ratalu
quail eggs,quail eggs,quail eggs,
कटहल के बीज,jackfruit seeds,jackfruit seeds,katahala ke bija
chamomile tea,chamomile tea,chamomile tea,
केनोला का तेल,canola oil,canola oil,kenola ka tela
english cucumbers,english cucumbers,english cucumbers,
gawar phali (kothavarangai / cluster beans),gawar phali (kothavarangai / cluster beans),gawar phali,kothavarangai / cluster beans
chenna (homemade cottage cheese),chenna (homemade cottage cheese),chenna,homemade cottage cheese
sarsaparilla (mahali root),sarsaparilla (mahali root),sarsaparilla,mahali root
fresh figs,fresh figs,fresh figs,
बड़ी (वड़ी),big (vadi),big,ba.di (va.di)
idli dosa podi (milagai powder),idli dosa podi (milagai powder),idli dosa podi,milagai powder
paneer (homemade cottage cheese),paneer (homemade cottage cheese),paneer,homemade cottage cheese
kalonji (onion nigella seeds),kalonji (onion nigella seeds),kalonji,onion nigella seeds
walnuts,walnuts,walnuts,
नीम का फूल,neem flower,neem flower,nima ka phula
dosa rice,dosa rice,dosa rice,
pav buns,pav buns,pav buns,
mustard seeds (rai/ kadugu),mustard seeds (rai/ kadugu),mustard seeds,rai/ kadugu
cajun spice mix,cajun spice mix,cajun spice mix,
dried coconut,dried coconut,dried coconut,
star fruit,star fruit,star fruit,
mooli ke patte (radish greens),mooli ke patte (radish greens),mooli ke patte,radish greens
aloe vera extract,aloe vera extract,aloe vera extract,
sauerkraut,sauerkraut,sauerkraut,
mustard powder,mustard powder,mustard powder,
chinese 5 spice powder,chinese 5 spice powder,chinese 5 spice powder,
प्रून,prun,prun,pruna
pasta,pasta,pasta,
jal jeera powder,jal jeera powder,jal jeera powder,
पूरी काली मिर्च,full pepper,full pepper,puri kali mircha
japanese eggplant,japanese eggplant,japanese eggplant,
lychee,lychee,lychee,
gochujang (korean hot pepper paste),gochujang (korean hot pepper paste),gochujang,korean hot pepper paste
yellow moong dal (split),yellow moong dal (split),yellow moong dal,split
flat green beans,flat green beans,flat green beans,
runner beans,runner beans,runner beans,
small green brinjal (green aubergine),small green brinjal (green aubergine),small green brinjal,green aubergine
rice puttu,rice puttu,rice puttu,
tur dal,tur dal,tur dal,
rice ada,rice ada,rice ada,
foxtail millet flour,foxtail millet flour,foxtail millet flour,
samvat rice,samvat rice,samvat rice,
urad dal flour,urad dal flour,urad dal flour,
marie biscuit,marie biscuit,marie biscuit,
orzo pasta,orzo pasta,orzo pasta,
dry beans,dry beans,dry beans,
mooli/ mullangi (radish),mooli/ mullangi (radish),mooli/ mullangi,radish
gelatin,gelatin,gelatin,
khichdi,khichdi,khichdi,
mace (javitri),mace (javitri),mace,javitri
thonnai (dried leaves),thonnai (dried leaves),thonnai,dried leaves
canned beans,canned beans,canned beans,
pizza base,pizza base,pizza base,
tapioca,tapioca,tapioca,
fried rice,fried rice,fried rice,
orange zest (rind),orange zest (rind),orange zest,rind
लॉन्ग,long,long,laॉnga
dried thyme leaves,dried thyme leaves,dried thyme leaves,
green moong dal (whole),green moong dal (whole),green moong dal,whole
jackfruit ripe (kathal),jackfruit ripe (kathal),jackfruit ripe,kathal
sea salt,sea salt,sea salt,
kabuli chana or chola,kabuli chana or chola,kabuli chana or chola,
छोटे आलू,smear potato,smear potato,chote alu
cloves (laung),cloves (laung),cloves,laung
chipotle sauce,chipotle sauce,chipotle sauce,
पंच फोरन मसाला,punch fare masala,punch fare masala,pamcha phorana masala
gunde (bird lime),gunde (bird lime),gunde,bird lime
bok choy,bok choy,bok choy,
pomegranate juice,pomegranate juice,pomegranate juice,
arhar dal,arhar dal,arhar dal,
gingelly oil,gingelly oil,gingelly oil,
chocolate ganache,chocolate ganache,chocolate ganache,
dried chamomile,dried chamomile,dried chamomile,
potatoes,potatoes,potatoes,
badi (wadi),badi (wadi),badi,wadi
chia seeds,chia seeds,chia seeds,
cooked rice,cooked rice,cooked rice,
pretzels,pretzels,pretzels,
coconut cream,coconut cream,coconut cream,
rose petals,rose petals,rose petals,
bell pepper (red),bell pepper (red),bell pepper,red
lamb ribs,lamb ribs,lamb ribs,
shallots,shallots,shallots,
kunafa pastry,kunafa pastry,kunafa pastry,
seeraga (jeeraga) samba rice,seeraga (jeeraga) samba rice,seeraga  samba rice,jeeraga
boneless chicken,boneless chicken,boneless chicken,
lavender buds,lavender buds,lavender buds,
black grapes,black grapes,black grapes,
crusty bread log,crusty bread log,crusty bread log,
prunes,prunes,prunes,
green channa sprouts,green channa sprouts,green channa sprouts,
sugar syrup,sugar syrup,sugar syrup,
thai jasmine rice,thai jasmine rice,thai jasmine rice,
milk powder,milk powder,milk powder,
jalapeno,jalapeno,jalapeno,
homemade whole wheat khakras,homemade whole wheat khakras,homemade whole wheat khakras,
tinda (apple gourd),tinda (apple gourd),tinda,apple gourd
chocolate brownie,chocolate brownie,chocolate brownie,
bread crumbs,bread crumbs,bread crumbs,
black soy beans,black soy beans,black soy beans,
swiss chards,swiss chards,swiss chards,
shiitake mushrooms,shiitake mushrooms,shiitake mushrooms,
basmati rice,basmati rice,basmati rice,
white bacardi rum,white bacardi rum,white bacardi rum,
chicken liver,chicken liver,chicken liver,
mangalorean cucumber,mangalorean cucumber,mangalorean cucumber,
coal,coal,coal,
falafel,falafel,falafel,
jowar flour (sorghum),jowar flour (sorghum),jowar flour,sorghum
स्ट्रॉबेरी,strawberry,strawberry,straॉberi
parmesan cheese,parmesan cheese,parmesan cheese,
स्टार अनीस,star anees,star anees,stara anisa
small onions,small onions,small onions,
shahi jeera,shahi jeera,shahi jeera,
bisi bele bhat spice powder,bisi bele bhat spice powder,bisi bele bhat spice powder,
britannia cream cheese,britannia cream cheese,britannia cream cheese,
sourdough bread,sourdough bread,sourdough bread,
lemon wedges,lemon wedges,lemon wedges,
चिआ के दाने,caan rash,caan rash,chia ke dane
del monte sandwich spread,del monte sandwich spread,del monte sandwich spread,
green romaine lettuce,green romaine lettuce,green romaine lettuce,
britannia cheese block,britannia cheese block,britannia cheese block,
apricots,apricots,apricots,
बूंदी,bundi,bundi,bumdi
nachos,nachos,nachos,
reacheado masala,reacheado masala,reacheado masala,
vellai poosanikai (ash gourd/white pumpkin),vellai poosanikai (ash gourd/white pumpkin),vellai poosanikai,ash gourd/white pumpkin
ice wine,ice wine,ice wine,
kaffir lime leaves,kaffir lime leaves,kaffir lime leaves,
beetroot greens,beetroot greens,beetroot greens,
brown rice flakes,brown rice flakes,brown rice flakes,
masoor dal (split),masoor dal (split),masoor dal,split
granulated sugar,granulated sugar,granulated sugar,
amaranth seeds (rajgira),amaranth seeds (rajgira),amaranth seeds,rajgira
cumin seeds (jeera),cumin seeds (jeera),cumin seeds,jeera
fresh cherries,fresh cherries,fresh cherries,
kabuli chana or chickpea,kabuli chana or chickpea,kabuli chana or chickpea,
whole almonds (almonds),whole almonds (almonds),whole almonds,almonds
jelly mix,jelly mix,jelly mix,
चना दाल,chickpea lentil,chickpea lentil,chana dala
mixed grains,mixed grains,mixed grains,
yogurt,yogurt,yogurt,
red chili powder,red chili powder,red chili powder,
ginger paste,ginger paste,ginger paste,
instant dosa mix powder,instant dosa mix powder,instant dosa mix powder,
लोबिया,lobia,lobia,lobiya
basella (malabar spinach),basella (malabar spinach),basella,malabar spinach
dried turmeric,dried turmeric,dried turmeric,
guntur red chilli,guntur red chilli,guntur red chilli,
silver vark,silver vark,silver vark,
white broad beans,white broad beans,white broad beans,
mixed dal,mixed dal,mixed dal,
गाजर,carrot,carrot,gajara
kalamata olives,kalamata olives,kalamata olives,
kidney beans,kidney beans,kidney beans,
mango pickle,mango pickle,mango pickle,
boiled egg,boiled egg,boiled egg,
risotto,risotto,risotto,
turmeric (fresh),turmeric (fresh),turmeric,fresh
groundnut powder,groundnut powder,groundnut powder,
गोंगुरा,gongura,gongura,gomgura
green zucchini,green zucchini,green zucchini,
rasam powder,rasam powder,rasam powder,
lemon salt,lemon salt,lemon salt,
spring onion (bulb & greens),spring onion (bulb & greens),spring onion,bulb & greens
oysters,oysters,oysters,
canned tuna,canned tuna,canned tuna,
idli dosa mix,idli dosa mix,idli dosa mix,
sweet potatoes,sweet potatoes,sweet potatoes,
dried figs,dried figs,dried figs,
manathakkali kai vathal,manathakkali kai vathal,manathakkali kai vathal,
fresh red chilli,fresh red chilli,fresh red chilli,
oat bran,oat bran,oat bran,
lemongrass,lemongrass,lemongrass,
kaddu (parangikai / pumpkin),kaddu (parangikai / pumpkin),kaddu,parangikai / pumpkin
pineapple juice,pineapple juice,pineapple juice,
shell pasta,shell pasta,shell pasta,
छेडार चीज़,chopper,chopper,chedara chiza
mustard seeds,mustard seeds,mustard seeds,
pomegranate seeds,pomegranate seeds,pomegranate seeds,
pasta  fusilli,pasta  fusilli,pasta  fusilli,
amaranth,amaranth,amaranth,
basil powder,basil powder,basil powder,
इडली डोसा मिश्रण,idli dosa mixture,idli dosa mixture,idali dosa mishrana
asafoetida (hing),asafoetida (hing),asafoetida,hing
baby spinach,baby spinach,baby spinach,
red snapper fish,red snapper fish,red snapper fish,
dijon mustard,dijon mustard,dijon mustard,
samba rice,samba rice,samba rice,
cinnamon stick,cinnamon stick,cinnamon stick,
cluster beans,cluster beans,cluster beans,
curry,curry,curry,
masauras,masauras,masauras,
horse gram,horse gram,horse gram,
kaddu (parangikai/ pumpkin),kaddu (parangikai/ pumpkin),kaddu,parangikai/ pumpkin
chicken drumstick,chicken drumstick,chicken drumstick,
butternut squash,butternut squash,butternut squash,
palm jaggery,palm jaggery,palm jaggery,
orange liquor,orange liquor,orange liquor,
black eyed beans (lobia),black eyed beans (lobia),black eyed beans,lobia
goond (edible gum),goond (edible gum),goond,edible gum
biryani masala,biryani masala,biryani masala,
thin semiya (seviyan),thin semiya (seviyan),thin semiya,seviyan
mango coulis,mango coulis,mango coulis,
ber,ber,ber,
ada,ada,ada,
black cardamom (badi elaichi),black cardamom (badi elaichi),black cardamom,badi elaichi
dessicated coconut,dessicated coconut,dessicated coconut,
red baby radish,red baby radish,red baby radish,
brown cardamom (badi elaichi),brown cardamom (badi elaichi),brown cardamom,badi elaichi
black urad dal (split),black urad dal (split),black urad dal,split
lukewarm water,lukewarm water,lukewarm water,
hash browns,hash browns,hash browns,
kebab masala,kebab masala,kebab masala,
multigrain flour,multigrain flour,multigrain flour,
काबुली चन्ना,kabuli channa,kabuli channa,kabuli channa
hung curd (greek yogurt),hung curd (greek yogurt),hung curd,greek yogurt
namak para,namak para,namak para,
muesli,muesli,muesli,
orange peel,orange peel,orange peel,
beer,beer,beer,
chironji,chironji,chironji,
chicken thighs,chicken thighs,chicken thighs,
butterscotch ice cream,butterscotch ice cream,butterscotch ice cream,
peanuts,peanuts,peanuts,
green amaranth leaves,green amaranth leaves,green amaranth leaves,
lahsun ki chutney (red garlic chutney),lahsun ki chutney (red garlic chutney),lahsun ki chutney,red garlic chutney
cilantro,cilantro,cilantro,
red chilli paste,red chilli paste,red chilli paste,
बालसामिक सिरका,bloomic vinegar,bloomic vinegar,balasamika siraka
cinnamon stick (cinnamon),cinnamon stick (cinnamon),cinnamon stick,cinnamon
मसूर दाल (स्प्लिट),lentil dal (split),lentil dal,masura dala (splita)
biscuit dough,biscuit dough,biscuit dough,
coriander (dhania) powder,coriander (dhania) powder,coriander  powder,dhania
bajra dosa batter,bajra dosa batter,bajra dosa batter,
mixed greens,mixed greens,mixed greens,
मेस,mess,mess,mesa
dry ginger,dry ginger,dry ginger,
bhindi (okhra),bhindi (okhra),bhindi,okhra
mixed nuts,mixed nuts,mixed nuts,
del monte black olives,del monte black olives,del monte black olives,
singhade (water chestnut),singhade (water chestnut),singhade,water chestnut
whole wheat brown bread,whole wheat brown bread,whole wheat brown bread,
pomfret fish,pomfret fish,pomfret fish,
homemade basil pesto,homemade basil pesto,homemade basil pesto,
raw banana peel,raw banana peel,raw banana peel,
tomatoes,tomatoes,tomatoes,
puris used for pani puri,puris used for pani puri,puris used for pani puri,
तुरई,turai,turai,turai
spring roll wrappers,spring roll wrappers,spring roll wrappers,
watermelon juice,watermelon juice,watermelon juice,
mixed berries,mixed berries,mixed berries,
custard powder,custard powder,custard powder,
digestive biscuit,digestive biscuit,digestive biscuit,
milk chocolate,milk chocolate,milk chocolate,
moth dal (matki),moth dal (matki),moth dal,matki
bond,bond,bond,
ridge gourd,ridge gourd,ridge gourd,
almond essence (badam essence),almond essence (badam essence),almond essence,badam essence
cumin powder (jeera),cumin powder (jeera),cumin powder,jeera
काली उरद दाल,kali urad dal,kali urad dal,kali urada dala
whole wheat oatmeal cookies,whole wheat oatmeal cookies,whole wheat oatmeal cookies,
baking powder,baking powder,baking powder,
lemons,lemons,lemons,
crab,crab,crab,
fresh herbs,fresh herbs,fresh herbs,
purple carrots,purple carrots,purple carrots,
ice cream,ice cream,ice cream,
mango powder,mango powder,mango powder,
curd vada,curd vada,curd vada,
falsa,falsa,falsa,
lemon glaze,lemon glaze,lemon glaze,
masoor dal (split),masoor dal (split),masoor dal,split
guntur dried chillies,guntur dried chillies,guntur dried chillies,
decorative sugar (cake/ candy sprinkles),decorative sugar (cake/ candy sprinkles),decorative sugar,cake/ candy sprinkles
soy milk,soy milk,soy milk,
polenta,polenta,polenta,
egg whites,egg whites,egg whites,
काबुली चना या छोला,kabuli gram,kabuli gram,kabuli chana ya chola
ginger cookies,ginger cookies,ginger cookies,
thandai syrup,thandai syrup,thandai syrup,
arbi,arbi,arbi,
wild rice,wild rice,wild rice,
काले,black,black,kale
chilli vinegar,chilli vinegar,chilli vinegar,
achari masala,achari masala,achari masala,
corn flakes,corn flakes,corn flakes,
bengal gram dal,bengal gram dal,bengal gram dal,
chilli oil,chilli oil,chilli oil,
pimiento-stuffed green olives,pimiento-stuffed green olives,pimiento-stuffed green olives,
काला जीरा,black cumin,black cumin,kala jira
हरा मट्टर,green matter,green matter,hara mattara
cauliflower (gobi),cauliflower (gobi),cauliflower,gobi
whole wheat pita bread,whole wheat pita bread,whole wheat pita bread,
kasundi mustard sauce,kasundi mustard sauce,kasundi mustard sauce,
ginger oil,ginger oil,ginger oil,
peruvian beans,peruvian beans,peruvian beans,
kale,kale,kale,
rose essence,rose essence,rose essence,
गोभी के पत्ते,cabbage leaves,cabbage leaves,gobhi ke patte
corn syrup,corn syrup,corn syrup,
chocolate sauce,chocolate sauce,chocolate sauce,
rice vermicelli noodles (thin),rice vermicelli noodles (thin),rice vermicelli noodles,thin
grand marnier,grand marnier,grand marnier,
